{"stat.flyOneCm":54065,"stat.walkOneCm":38650,"stat.jump":48,"stat.swimOneCm":369,"stat.playOneMinute":33075,"stat.pickup.minecraft.iron_helmet":1,"stat.climbOneCm":1440,"stat.pickup.minecraft.iron_pickaxe":1,"stat.leaveGame":1,"stat.sneakTime":79,"stat.sleepInBed":2,"stat.timeSinceDeath":33075,"stat.pickup.minecraft.obsidian":6,"stat.sprintOneCm":6964,"stat.useItem.minecraft.stone_slab2":175,"stat.pickup.minecraft.iron_chestplate":2,"stat.pickup.minecraft.iron_boots":1,"stat.pickup.minecraft.gold_ingot":3}